INSERT INTO books (id, course_id, name, code, author, pages) VALUES (1, 1, 'Εποικοδομητικός Διάλογος στον Σύγχρονο Κόσμο', '0001', 'Κωνσταντίνος Κατακουζινός', 848);
INSERT INTO books (id, course_id, name, code, author, pages) VALUES (2, 1, 'Το Αποχετευτικό Σύστημα στο Βυζάντιο', '0002', 'Κωνσταντίνος Κατακουζινός', 338);
INSERT INTO books (id, course_id, name, code, author, pages) VALUES (3, 2, 'European Union Part 1', '0003', 'John Witkinson', 338);
INSERT INTO books (id, course_id, name, code, author, pages) VALUES (4, 2, 'European Union Part 2', '0004', 'John Witkinson', 638);
INSERT INTO books (id, course_id, name, code, author, pages) VALUES (5, 3, 'Ιστορία της Νεότερης Εκπαίδευσης', '0005', 'Μαρίκα Κοτοπούλη', 658);
INSERT INTO books (id, course_id, name, code, author, pages) VALUES (6, 3, 'Διδακτική της Φιλολογίας', '0006', 'Αναστάσιος Μαργέλης', 448);
INSERT INTO books (id, course_id, name, code, author, pages) VALUES (7, 3, 'Φιλολογία και Εκπαίδευση', '0007', 'Ελπινίκη Ορφέου', 1248);
INSERT INTO books (id, course_id, name, code, author, pages) VALUES (8, 4, 'Λατινική Γλώσσα: Μία Σύγχρονη Προσέγγιση', '0008', 'Μαρία Πρέκα', 638);
INSERT INTO books (id, course_id, name, code, author, pages) VALUES (9, 4, 'Λατινικό Λεξικό', '0009', 'John Witkinson', 638);
INSERT INTO books (id, course_id, name, code, author, pages) VALUES (10, 5, 'Λειτουργικά Συστήματα Τόμος Α', '0010', 'Bob Smith', 658);
INSERT INTO books (id, course_id, name, code, author, pages) VALUES (11, 5, 'Λειτουργικά Συστήματα Τόμος Β', '0011', 'Bob Smith', 668);
INSERT INTO books (id, course_id, name, code, author, pages) VALUES (12, 6, 'Η Επιστήμη της Πληροφορικής', '0012', 'Κανέλος Σαλταδούρας', 678);
INSERT INTO books (id, course_id, name, code, author, pages) VALUES (13, 6, 'Εισαγωγή στην Επιστήμη των Υπολογιστών', '0013', 'Ζαχαρίας Μελομακάρονος', 688);
INSERT INTO books (id, course_id, name, code, author, pages) VALUES (14, 7, 'Προγραμματισμός με C', '0014', 'Παναγιώτης Κουραμπιεδάκης', 698);
INSERT INTO books (id, course_id, name, code, author, pages) VALUES (15, 7, 'Η Γλώσσα C', '0015', 'Σωτήρης Μανωλάκος', 538);
INSERT INTO books (id, course_id, name, code, author, pages) VALUES (16, 8, 'Διαφορικές Εξισώσεις', '0016', 'Μαρίνος Δίπλας', 738);
INSERT INTO books (id, course_id, name, code, author, pages) VALUES (17, 8, 'Μερικές Διαφορικές Εξισώσεις', '0017', 'Απόστολος Φέρτης', 838);


INSERT INTO courses (id, name, professor) VALUES (1, 'Βυζαντινολογία', 'Κωνσταντίνος Κατακουζινός');
INSERT INTO courses (id, name, professor) VALUES (2, 'Ευρωπαϊκές Σχέσεις', 'Ρωμανός Χριστοφόρου');
INSERT INTO courses (id, name, professor) VALUES (3, 'Διδακτική της Φιλολογίας', 'Ελένη Βλαχάκη');
INSERT INTO courses (id, name, professor) VALUES (4, 'Λατινικά Ι', 'Εμμανουήλ Σφακιανός');
INSERT INTO courses (id, name, professor) VALUES (5, 'Λειτουργικά Συστήματα', 'Μιχαήλ Καραταράκης');
INSERT INTO courses (id, name, professor) VALUES (6, 'Εισαγωγή στην Πληροφορική', 'Εμμανουήλ Κορνήλιου');
INSERT INTO courses (id, name, professor) VALUES (7, 'Εισαγωγή στον Προγραμματισμό', 'Αυγουστής Σφακιανός');
INSERT INTO courses (id, name, professor) VALUES (8, 'Εφαρμοσμένα Μαθηματικά', 'Κορνήλιος Αυγουστίνος');

INSERT INTO departments (id, name) VALUES (1, 'Τμήμα Φιλολογίας');
INSERT INTO departments (id, name) VALUES (2, 'Τμήμα Βιολογίας');
INSERT INTO departments (id, name) VALUES (3, 'Τμήμα Πληροφορικής και Τηλεπικοινωνιών');
INSERT INTO departments (id, name) VALUES (4, 'Τμήμα Ζαχαροπλαστικής');

INSERT INTO departmentsCourses (id, department_id, course_id) VALUES (1, 1, 1);
INSERT INTO departmentsCourses (id, department_id, course_id) VALUES (2, 1, 2);
INSERT INTO departmentsCourses (id, department_id, course_id) VALUES (3, 1, 3);
INSERT INTO departmentsCourses (id, department_id, course_id) VALUES (4, 1, 4);
INSERT INTO departmentsCourses (id, department_id, course_id) VALUES (5, 3, 5);
INSERT INTO departmentsCourses (id, department_id, course_id) VALUES (6, 3, 6);
INSERT INTO departmentsCourses (id, department_id, course_id) VALUES (7, 3, 7);
INSERT INTO departmentsCourses (id, department_id, course_id) VALUES (8, 3, 8);

INSERT INTO secretaries (id, department_id, name, surname, username, password) VALUES (1, 1, 'Μαίρη', 'Οικονομοπούλου', 'secretmar', '1234');
INSERT INTO secretaries (id, department_id, name, surname, username, password) VALUES (2, 1, 'Ερασμία', 'Μανωλάκου', 'secretera', '1234');
INSERT INTO secretaries (id, department_id, name, surname, username, password) VALUES (3, 3, 'Καίτη', 'Φωτάκη', 'secretkait', '1234');
INSERT INTO secretaries (id, department_id, name, surname, username, password) VALUES (4, 3, 'Κασσάνδρα', 'Λεωνιδάκου', 'secretkas', '1234');

INSERT INTO secretaryDeclaration (id, timestamp, secretary_id, code) VALUES (1, '2018-12-12 12:15:00', 1, '0001');
INSERT INTO secretaryDeclaration (id, timestamp, secretary_id, code) VALUES (2, '2018-11-12 12:25:00', 2, '0002');
INSERT INTO secretaryDeclaration (id, timestamp, secretary_id, code) VALUES (3, '2018-10-12 12:35:00', 3, '0003');
INSERT INTO secretaryDeclaration (id, timestamp, secretary_id, code) VALUES (4, '2018-09-12 12:45:00', 4, '0004');

INSERT INTO secretaryDeclarationsBooks (id, book_id, declaration_id) VALUES (1, 1, 1);
INSERT INTO secretaryDeclarationsBooks (id, book_id, declaration_id) VALUES (2, 2, 1);
INSERT INTO secretaryDeclarationsBooks (id, book_id, declaration_id) VALUES (3, 3, 1);
INSERT INTO secretaryDeclarationsBooks (id, book_id, declaration_id) VALUES (4, 4, 1);
INSERT INTO secretaryDeclarationsBooks (id, book_id, declaration_id) VALUES (5, 5, 1);
INSERT INTO secretaryDeclarationsBooks (id, book_id, declaration_id) VALUES (6, 6, 2);
INSERT INTO secretaryDeclarationsBooks (id, book_id, declaration_id) VALUES (7, 7, 2);
INSERT INTO secretaryDeclarationsBooks (id, book_id, declaration_id) VALUES (8, 8, 2);
INSERT INTO secretaryDeclarationsBooks (id, book_id, declaration_id) VALUES (9, 9, 2);
INSERT INTO secretaryDeclarationsBooks (id, book_id, declaration_id) VALUES (10, 10, 3);
INSERT INTO secretaryDeclarationsBooks (id, book_id, declaration_id) VALUES (11, 11, 3);
INSERT INTO secretaryDeclarationsBooks (id, book_id, declaration_id) VALUES (12, 12, 3);
INSERT INTO secretaryDeclarationsBooks (id, book_id, declaration_id) VALUES (13, 13, 3);
INSERT INTO secretaryDeclarationsBooks (id, book_id, declaration_id) VALUES (14, 14, 3);
INSERT INTO secretaryDeclarationsBooks (id, book_id, declaration_id) VALUES (15, 15, 4);
INSERT INTO secretaryDeclarationsBooks (id, book_id, declaration_id) VALUES (16, 16, 4);
INSERT INTO secretaryDeclarationsBooks (id, book_id, declaration_id) VALUES (17, 17, 4);

INSERT INTO students (id, department_id, name, surname, code, password) VALUES (1, 1, 'Ματίνα', 'Πορτοκαλάκη', '111101', '1234');
INSERT INTO students (id, department_id, name, surname, code, password) VALUES (2, 1, 'Μαρία', 'Πορτοκαλάκη', '111102', '1234');
INSERT INTO students (id, department_id, name, surname, code, password) VALUES (3, 1, 'Γεωργία', 'Πορτοκαλάκη', '111103', '1234');
INSERT INTO students (id, department_id, name, surname, code, password) VALUES (4, 1, 'Ειρήνη', 'Πορτοκαλάκη', '111104', '1234');
INSERT INTO students (id, department_id, name, surname, code, password) VALUES (5, 1, 'Δήμητρα', 'Πορτοκαλάκη', '111105', '1234');
INSERT INTO students (id, department_id, name, surname, code, password) VALUES (6, 1, 'Αλεξία', 'Πορτοκαλάκη', '111106', '1234');
INSERT INTO students (id, department_id, name, surname, code, password) VALUES (7, 1, 'Αναστασία', 'Πορτοκαλάκη', '111107', '1234');
INSERT INTO students (id, department_id, name, surname, code, password) VALUES (8, 1, 'Κορνηλία', 'Πορτοκαλάκη', '111108', '1234');
INSERT INTO students (id, department_id, name, surname, code, password) VALUES (9, 1, 'Ελένη', 'Πορτοκαλάκη', '111109', '1234');
INSERT INTO students (id, department_id, name, surname, code, password) VALUES (10, 3, 'Επαμεινώνδας', 'Σαρακάκης', '111501', '1234');
INSERT INTO students (id, department_id, name, surname, code, password) VALUES (11, 3, 'Γεώργιος', 'Σαρακάκης', '111502', '1234');
INSERT INTO students (id, department_id, name, surname, code, password) VALUES (12, 3, 'Παναγιώτης', 'Σαρακάκης', '111503', '1234');
INSERT INTO students (id, department_id, name, surname, code, password) VALUES (13, 3, 'Δημήτριος', 'Σαρακάκης', '111504', '1234');
INSERT INTO students (id, department_id, name, surname, code, password) VALUES (14, 3, 'Ιωάννης', 'Σαρακάκης', '111505', '1234');
INSERT INTO students (id, department_id, name, surname, code, password) VALUES (15, 3, 'Σπυρίδων', 'Σαρακάκης', '111506', '1234');
INSERT INTO students (id, department_id, name, surname, code, password) VALUES (16, 3, 'Συμεών', 'Σαρακάκης', '111507', '1234');
INSERT INTO students (id, department_id, name, surname, code, password) VALUES (17, 3, 'Λουκάς', 'Σαρακάκης', '111508', '1234');

INSERT INTO studentDeclaration (id, timestamp, student_id, code) VALUES (1, '2018-11-16 12:15:00', 1, '123456789012');
INSERT INTO studentDeclaration (id, timestamp, student_id, code) VALUES (2, '2018-11-15 12:25:00', 2, '123456789013');
INSERT INTO studentDeclaration (id, timestamp, student_id, code) VALUES (3, '2018-11-14 12:35:00', 3, '123456789014');
INSERT INTO studentDeclaration (id, timestamp, student_id, code) VALUES (4, '2018-11-13 12:45:00', 4, '123456789015');
INSERT INTO studentDeclaration (id, timestamp, student_id, code) VALUES (5, '2018-11-16 12:15:00', 5, '123456789016');
INSERT INTO studentDeclaration (id, timestamp, student_id, code) VALUES (6, '2018-11-17 12:25:00', 6, '123456789017');
INSERT INTO studentDeclaration (id, timestamp, student_id, code) VALUES (7, '2018-11-18 12:35:00', 7, '123456789018');
INSERT INTO studentDeclaration (id, timestamp, student_id, code) VALUES (8, '2018-11-19 12:45:00', 8, '123456789019');
INSERT INTO studentDeclaration (id, timestamp, student_id, code) VALUES (9, '2018-11-20 12:45:00', 9, '123456789020');
INSERT INTO studentDeclaration (id, timestamp, student_id, code) VALUES (10, '2018-11-16 12:16:00', 10, '123456789021');
INSERT INTO studentDeclaration (id, timestamp, student_id, code) VALUES (11, '2018-11-15 12:26:00', 11, '123456789022');
INSERT INTO studentDeclaration (id, timestamp, student_id, code) VALUES (12, '2018-11-14 12:36:00', 12, '123456789023');
INSERT INTO studentDeclaration (id, timestamp, student_id, code) VALUES (13, '2018-11-13 12:46:00', 13, '123456789024');
INSERT INTO studentDeclaration (id, timestamp, student_id, code) VALUES (14, '2018-11-17 12:16:00', 14, '123456789025');
INSERT INTO studentDeclaration (id, timestamp, student_id, code) VALUES (15, '2018-11-18 12:26:00', 15, '123456789026');
INSERT INTO studentDeclaration (id, timestamp, student_id, code) VALUES (16, '2018-11-19 12:36:00', 15, '123456789027');
INSERT INTO studentDeclaration (id, timestamp, student_id, code) VALUES (17, '2018-11-20 12:46:00', 16, '123456789028');

INSERT INTO studentDeclarationsBooks (id, book_id, declaration_id) VALUES (1, 1, 1);
INSERT INTO studentDeclarationsBooks (id, book_id, declaration_id) VALUES (2, 2, 2);
INSERT INTO studentDeclarationsBooks (id, book_id, declaration_id) VALUES (3, 3, 3);
INSERT INTO studentDeclarationsBooks (id, book_id, declaration_id) VALUES (4, 4, 4);
INSERT INTO studentDeclarationsBooks (id, book_id, declaration_id) VALUES (5, 5, 5);
INSERT INTO studentDeclarationsBooks (id, book_id, declaration_id) VALUES (6, 6, 6);
INSERT INTO studentDeclarationsBooks (id, book_id, declaration_id) VALUES (7, 7, 7);
INSERT INTO studentDeclarationsBooks (id, book_id, declaration_id) VALUES (8, 8, 8);
INSERT INTO studentDeclarationsBooks (id, book_id, declaration_id) VALUES (9, 9, 9);
INSERT INTO studentDeclarationsBooks (id, book_id, declaration_id) VALUES (10, 10, 10);
INSERT INTO studentDeclarationsBooks (id, book_id, declaration_id) VALUES (11, 11, 11);
INSERT INTO studentDeclarationsBooks (id, book_id, declaration_id) VALUES (12, 12, 12);
INSERT INTO studentDeclarationsBooks (id, book_id, declaration_id) VALUES (13, 13, 13);
INSERT INTO studentDeclarationsBooks (id, book_id, declaration_id) VALUES (14, 14, 14);
INSERT INTO studentDeclarationsBooks (id, book_id, declaration_id) VALUES (15, 15, 15);
INSERT INTO studentDeclarationsBooks (id, book_id, declaration_id) VALUES (16, 16, 16);
INSERT INTO studentDeclarationsBooks (id, book_id, declaration_id) VALUES (17, 17, 17);